{
    "-": {
        "precision": 0.0,
        "recall": 0.0,
        "f1-score": 0.0,
        "support": 1.0
    },
    "<": {
        "precision": 0.6220735785953178,
        "recall": 0.8102613746369797,
        "f1-score": 0.7038049190666387,
        "support": 2066.0
    },
    "=": {
        "precision": 0.0,
        "recall": 0.0,
        "f1-score": 0.0,
        "support": 141.0
    },
    ">": {
        "precision": 0.5593908629441624,
        "recall": 0.3753405994550409,
        "f1-score": 0.44924582144313085,
        "support": 1468.0
    },
    "accuracy": 0.6052774755168662,
    "macro avg": {
        "precision": 0.29536611038487004,
        "recall": 0.2964004935230051,
        "f1-score": 0.28826268512744235,
        "support": 3676.0
    },
    "weighted avg": {
        "precision": 0.5730113711044497,
        "recall": 0.6052774755168662,
        "f1-score": 0.5749602363085397,
        "support": 3676.0
    }
}