{
    "-": {
        "precision": 0.0,
        "recall": 0.0,
        "f1-score": 0.0,
        "support": 4.0
    },
    "<": {
        "precision": 0.5593402653280746,
        "recall": 0.7471264367816092,
        "f1-score": 0.639737543571868,
        "support": 2088.0
    },
    "=": {
        "precision": 0.0817391304347826,
        "recall": 0.32867132867132864,
        "f1-score": 0.1309192200557103,
        "support": 143.0
    },
    ">": {
        "precision": 0.6521739130434783,
        "recall": 0.03038487508440243,
        "f1-score": 0.05806451612903226,
        "support": 1481.0
    },
    "accuracy": 0.4445640473627557,
    "macro avg": {
        "precision": 0.3233133272015839,
        "recall": 0.27654566013433507,
        "f1-score": 0.20718031993915265,
        "support": 3716.0
    },
    "weighted avg": {
        "precision": 0.5773575712794901,
        "recall": 0.4445640473627557,
        "f1-score": 0.3876445069518632,
        "support": 3716.0
    }
}