{
    "-": {
        "precision": 0.0,
        "recall": 0.0,
        "f1-score": 0.0,
        "support": 1.0
    },
    "<": {
        "precision": 0.0,
        "recall": 0.0,
        "f1-score": 0.0,
        "support": 2786.0
    },
    "=": {
        "precision": 0.0,
        "recall": 0.0,
        "f1-score": 0.0,
        "support": 143.0
    },
    ">": {
        "precision": 0.3348467650397276,
        "recall": 1.0,
        "f1-score": 0.5017006802721088,
        "support": 1475.0
    },
    "accuracy": 0.3348467650397276,
    "macro avg": {
        "precision": 0.0837116912599319,
        "recall": 0.25,
        "f1-score": 0.1254251700680272,
        "support": 4405.0
    },
    "weighted avg": {
        "precision": 0.11212235605757052,
        "recall": 0.3348467650397276,
        "f1-score": 0.1679928498073463,
        "support": 4405.0
    }
}