{
    "-": {
        "precision": 0.0,
        "recall": 0.0,
        "f1-score": 0.0,
        "support": 1.0
    },
    "<": {
        "precision": 0.5893215576073866,
        "recall": 0.7105517909002904,
        "f1-score": 0.6442835198595567,
        "support": 2066.0
    },
    "=": {
        "precision": 0.07926829268292683,
        "recall": 0.09219858156028368,
        "f1-score": 0.08524590163934426,
        "support": 141.0
    },
    ">": {
        "precision": 0.4407443682664055,
        "recall": 0.3065395095367847,
        "f1-score": 0.3615910004017678,
        "support": 1468.0
    },
    "accuracy": 0.5252992383025027,
    "macro avg": {
        "precision": 0.27733355463917975,
        "recall": 0.2773224704993397,
        "f1-score": 0.2727801054751672,
        "support": 3676.0
    },
    "weighted avg": {
        "precision": 0.5102633024755813,
        "recall": 0.5252992383025027,
        "f1-score": 0.5097728543935763,
        "support": 3676.0
    }
}