{
    "-": {
        "precision": 0.0,
        "recall": 0.0,
        "f1-score": 0.0,
        "support": 1.0
    },
    "<": {
        "precision": 0.6471326915027208,
        "recall": 0.7414868105515587,
        "f1-score": 0.6911041573535985,
        "support": 2085.0
    },
    "=": {
        "precision": 0.0,
        "recall": 0.0,
        "f1-score": 0.0,
        "support": 143.0
    },
    ">": {
        "precision": 0.5460076045627377,
        "recall": 0.48677966101694914,
        "f1-score": 0.5146953405017921,
        "support": 1475.0
    },
    "accuracy": 0.6112311015118791,
    "macro avg": {
        "precision": 0.2982850740163646,
        "recall": 0.30706661789212697,
        "f1-score": 0.30144987446384763,
        "support": 3704.0
    },
    "weighted avg": {
        "precision": 0.5817043408512989,
        "recall": 0.6112311015118791,
        "f1-score": 0.5939869857781848,
        "support": 3704.0
    }
}