{
    "<": {
        "precision": 0.809375,
        "recall": 0.7785571142284569,
        "f1-score": 0.7936670071501533,
        "support": 1996.0
    },
    "=": {
        "precision": 0.432258064516129,
        "recall": 0.27125506072874495,
        "f1-score": 0.3333333333333333,
        "support": 247.0
    },
    ">": {
        "precision": 0.6959171237050579,
        "recall": 0.7752885268160217,
        "f1-score": 0.7334617854849069,
        "support": 1473.0
    },
    "accuracy": 0.7435414424111948,
    "macro avg": {
        "precision": 0.6458500627403957,
        "recall": 0.6083669005910745,
        "f1-score": 0.6201540419894646,
        "support": 3716.0
    },
    "weighted avg": {
        "precision": 0.7393342747989865,
        "recall": 0.7435414424111948,
        "f1-score": 0.7392039530743562,
        "support": 3716.0
    }
}