{
    "<": {
        "precision": 0.39503386004514673,
        "recall": 0.1047277079593058,
        "f1-score": 0.16556291390728478,
        "support": 1671.0
    },
    "=": {
        "precision": 0.14146341463414633,
        "recall": 0.08262108262108261,
        "f1-score": 0.10431654676258993,
        "support": 702.0
    },
    ">": {
        "precision": 0.41397680977749923,
        "recall": 0.7905445840813884,
        "f1-score": 0.5433977786918963,
        "support": 1671.0
    },
    "accuracy": 0.38427299703264095,
    "macro avg": {
        "precision": 0.3168246948189308,
        "recall": 0.3259644582205923,
        "f1-score": 0.27109241312059035,
        "support": 4044.0
    },
    "weighted avg": {
        "precision": 0.358843755278638,
        "recall": 0.38427299703264095,
        "f1-score": 0.3110542861425741,
        "support": 4044.0
    }
}