{
    "<": {
        "precision": 0.46099290780141844,
        "recall": 0.11669658886894076,
        "f1-score": 0.18624641833810887,
        "support": 1671.0
    },
    "=": {
        "precision": 0.17694117647058824,
        "recall": 0.5356125356125356,
        "f1-score": 0.26600636717368237,
        "support": 702.0
    },
    ">": {
        "precision": 0.4050802139037433,
        "recall": 0.362657091561939,
        "f1-score": 0.3826965582570256,
        "support": 1671.0
    },
    "accuracy": 0.2910484668644906,
    "macro avg": {
        "precision": 0.34767143272525,
        "recall": 0.3383220720144718,
        "f1-score": 0.27831644792293897,
        "support": 4044.0
    },
    "weighted avg": {
        "precision": 0.38858083389012815,
        "recall": 0.2910484668644906,
        "f1-score": 0.2812661186069226,
        "support": 4044.0
    }
}