{
    "<": {
        "precision": 0.42224833529181355,
        "recall": 0.6451226810293238,
        "f1-score": 0.5104166666666666,
        "support": 1671.0
    },
    "=": {
        "precision": 0.42105263157894735,
        "recall": 0.011396011396011397,
        "f1-score": 0.022191400832177532,
        "support": 702.0
    },
    ">": {
        "precision": 0.41915760869565216,
        "recall": 0.3692399760622382,
        "f1-score": 0.3926185173401209,
        "support": 1671.0
    },
    "accuracy": 0.42111770524233433,
    "macro avg": {
        "precision": 0.42081952518880433,
        "recall": 0.3419195561625245,
        "f1-score": 0.30840886161298836,
        "support": 4044.0
    },
    "weighted avg": {
        "precision": 0.4207636695775164,
        "recall": 0.42111770524233433,
        "f1-score": 0.3769906419039393,
        "support": 4044.0
    }
}