{
    "<": {
        "precision": 0.4138162307176392,
        "recall": 0.3692399760622382,
        "f1-score": 0.3902593295382669,
        "support": 1671.0
    },
    "=": {
        "precision": 0.4166666666666667,
        "recall": 0.014245014245014245,
        "f1-score": 0.027548209366391185,
        "support": 702.0
    },
    ">": {
        "precision": 0.41676551996836697,
        "recall": 0.6307600239377619,
        "f1-score": 0.5019047619047619,
        "support": 1671.0
    },
    "accuracy": 0.415677546983185,
    "macro avg": {
        "precision": 0.41574947245089094,
        "recall": 0.3380816714150048,
        "f1-score": 0.3065707669364733,
        "support": 4044.0
    },
    "weighted avg": {
        "precision": 0.4155296996528972,
        "recall": 0.415677546983185,
        "f1-score": 0.37342854593880015,
        "support": 4044.0
    }
}