{
    "<": {
        "precision": 0.4376899696048632,
        "recall": 0.08617594254937164,
        "f1-score": 0.144,
        "support": 1671.0
    },
    "=": {
        "precision": 0.0,
        "recall": 0.0,
        "f1-score": 0.0,
        "support": 702.0
    },
    ">": {
        "precision": 0.41830417227456257,
        "recall": 0.9299820466786356,
        "f1-score": 0.5770516152989231,
        "support": 1671.0
    },
    "accuracy": 0.4198813056379822,
    "macro avg": {
        "precision": 0.2853313806264753,
        "recall": 0.3387193297426691,
        "f1-score": 0.24035053843297438,
        "support": 4044.0
    },
    "weighted avg": {
        "precision": 0.3537008434917212,
        "recall": 0.4198813056379822,
        "f1-score": 0.2979419508319734,
        "support": 4044.0
    }
}