{
    "-": {
        "precision": 0.0,
        "recall": 0.0,
        "f1-score": 0.0,
        "support": 0.0
    },
    "<": {
        "precision": 0.4218009478672986,
        "recall": 0.05326152004787552,
        "f1-score": 0.09458023379383634,
        "support": 1671.0
    },
    "=": {
        "precision": 0.11018363939899833,
        "recall": 0.09401709401709402,
        "f1-score": 0.10146041506533436,
        "support": 702.0
    },
    ">": {
        "precision": 0.42314814814814816,
        "recall": 0.5469778575703171,
        "f1-score": 0.4771600104411381,
        "support": 1671.0
    },
    "accuracy": 0.2643422354104847,
    "macro avg": {
        "precision": 0.23878318385361127,
        "recall": 0.17356411790882167,
        "f1-score": 0.1683001648250772,
        "support": 4044.0
    },
    "weighted avg": {
        "precision": 0.3682638116468616,
        "recall": 0.2643422354104847,
        "f1-score": 0.25385834804463575,
        "support": 4044.0
    }
}