{
    "-": {
        "precision": 0.0,
        "recall": 0.0,
        "f1-score": 0.0,
        "support": 1.0
    },
    "<": {
        "precision": 0.5844772967265047,
        "recall": 0.5358180058083253,
        "f1-score": 0.5590909090909091,
        "support": 2066.0
    },
    "=": {
        "precision": 0.05378973105134474,
        "recall": 0.15602836879432624,
        "f1-score": 0.08,
        "support": 141.0
    },
    ">": {
        "precision": 0.4173461823573017,
        "recall": 0.38351498637602177,
        "f1-score": 0.3997160099396521,
        "support": 1468.0
    },
    "accuracy": 0.4602829162132753,
    "macro avg": {
        "precision": 0.2639033025337878,
        "recall": 0.2688403402446683,
        "f1-score": 0.2597017297576403,
        "support": 3676.0
    },
    "weighted avg": {
        "precision": 0.49721943493354664,
        "recall": 0.4602829162132753,
        "f1-score": 0.4769164637576788,
        "support": 3676.0
    }
}