{
    "-": {
        "precision": 0.0,
        "recall": 0.0,
        "f1-score": 0.0,
        "support": 1.0
    },
    "<": {
        "precision": 0.6612096407457936,
        "recall": 0.7037754114230397,
        "f1-score": 0.6818288393903869,
        "support": 2066.0
    },
    "=": {
        "precision": 0.11290322580645161,
        "recall": 0.04964539007092199,
        "f1-score": 0.06896551724137931,
        "support": 141.0
    },
    ">": {
        "precision": 0.5356890459363958,
        "recall": 0.5163487738419619,
        "f1-score": 0.5258411377037808,
        "support": 1468.0
    },
    "accuracy": 0.6036452665941241,
    "macro avg": {
        "precision": 0.3274504781221602,
        "recall": 0.3174423938339809,
        "f1-score": 0.3191588735838867,
        "support": 3676.0
    },
    "weighted avg": {
        "precision": 0.589872141472837,
        "recall": 0.6036452665941241,
        "f1-score": 0.5958425762406757,
        "support": 3676.0
    }
}