{
    "-": {
        "precision": 0.0,
        "recall": 0.0,
        "f1-score": 0.0,
        "support": 1.0
    },
    "<": {
        "precision": 0.6640963855421687,
        "recall": 0.6669893514036787,
        "f1-score": 0.6655397247041778,
        "support": 2066.0
    },
    "=": {
        "precision": 0.08235294117647059,
        "recall": 0.19858156028368795,
        "f1-score": 0.11642411642411643,
        "support": 141.0
    },
    ">": {
        "precision": 0.5363128491620112,
        "recall": 0.45776566757493187,
        "f1-score": 0.49393605292171994,
        "support": 1468.0
    },
    "accuracy": 0.5652883569096845,
    "macro avg": {
        "precision": 0.3206905439701626,
        "recall": 0.3308341448155746,
        "f1-score": 0.31897497351250353,
        "support": 3676.0
    },
    "weighted avg": {
        "precision": 0.5905718606653524,
        "recall": 0.5652883569096845,
        "f1-score": 0.5757668654362668,
        "support": 3676.0
    }
}