{
    "-": {
        "precision": 0.0,
        "recall": 0.0,
        "f1-score": 0.0,
        "support": 4.0
    },
    "<": {
        "precision": 0.5749790561295728,
        "recall": 0.9861111111111112,
        "f1-score": 0.7264067736814253,
        "support": 2088.0
    },
    "=": {
        "precision": 0.0,
        "recall": 0.0,
        "f1-score": 0.0,
        "support": 143.0
    },
    ">": {
        "precision": 0.6814814814814815,
        "recall": 0.062120189061444966,
        "f1-score": 0.11386138613861387,
        "support": 1481.0
    },
    "accuracy": 0.5788482238966631,
    "macro avg": {
        "precision": 0.31411513440276356,
        "recall": 0.262057825043139,
        "f1-score": 0.21006703995500978,
        "support": 3716.0
    },
    "weighted avg": {
        "precision": 0.5946798555631383,
        "recall": 0.5788482238966631,
        "f1-score": 0.4535430722061633,
        "support": 3716.0
    }
}