{
    "-": {
        "precision": 0.0,
        "recall": 0.0,
        "f1-score": 0.0,
        "support": 4.0
    },
    "<": {
        "precision": 0.557384545038866,
        "recall": 0.5838122605363985,
        "f1-score": 0.5702923976608187,
        "support": 2088.0
    },
    "=": {
        "precision": 0.07738896366083446,
        "recall": 0.8041958041958042,
        "f1-score": 0.14119091467157766,
        "support": 143.0
    },
    ">": {
        "precision": 1.0,
        "recall": 0.0006752194463200541,
        "f1-score": 0.001349527665317139,
        "support": 1481.0
    },
    "accuracy": 0.3592572658772874,
    "macro avg": {
        "precision": 0.40869337717492515,
        "recall": 0.34717082104463065,
        "f1-score": 0.17820820999942838,
        "support": 3716.0
    },
    "weighted avg": {
        "precision": 0.7147162410776781,
        "recall": 0.3592572658772874,
        "f1-score": 0.32641535995321846,
        "support": 3716.0
    }
}