{
    "-": {
        "precision": 0.0,
        "recall": 0.0,
        "f1-score": 0.0,
        "support": 1.0
    },
    "<": {
        "precision": 0.7602019352124527,
        "recall": 0.6486001435750179,
        "f1-score": 0.6999806314158435,
        "support": 2786.0
    },
    "=": {
        "precision": 0.06889352818371608,
        "recall": 0.23076923076923078,
        "f1-score": 0.10610932475884244,
        "support": 143.0
    },
    ">": {
        "precision": 0.5019430051813472,
        "recall": 0.5254237288135594,
        "f1-score": 0.5134150380920834,
        "support": 1475.0
    },
    "accuracy": 0.5936435868331441,
    "macro avg": {
        "precision": 0.33275961714437896,
        "recall": 0.35119827578945206,
        "f1-score": 0.32987624856669234,
        "support": 4405.0
    },
    "weighted avg": {
        "precision": 0.6511101699601934,
        "recall": 0.5936435868331441,
        "f1-score": 0.6180719304769302,
        "support": 4405.0
    }
}