{
    "accuracy": 0.5374080220038758,
    "precision": 0.5689108600993094,
    "recall": 0.5374080220038758,
    "f1": 0.5522697862567575,
    "step_count": 69.06666666666666,
    "reward": 260.73333333333335
}