{
    "accuracy": 0.28778602350030924,
    "precision": 0.0894362751163082,
    "recall": 0.28778602350030924,
    "f1": 0.06985384668484147,
    "step_count": 45.6,
    "reward": 13.2
}