{
    "accuracy": 0.5162511838225151,
    "precision": 0.5495720139303626,
    "recall": 0.5162511838225151,
    "f1": 0.5320610823096954,
    "step_count": 57.25547445255474,
    "reward": 228.78832116788323
}